<project xmlns="http://maven.apache.org/POM/4.0.0" xmlns:xsi="http://www.w3.org/2001/XMLSchema-instance"
	xsi:schemaLocation="http://maven.apache.org/POM/4.0.0 http://maven.apache.org/xsd/maven-4.0.0.xsd">
	<modelVersion>4.0.0</modelVersion>

	<groupId>com.webdriveruniversity</groupId>
	<artifactId>CucumberFramework</artifactId>
	<version>0.0.1-SNAPSHOT</version>
	<packaging>jar</packaging>

	<name>CucumberFramework</name>
	<url>http://maven.apache.org</url>

	<properties>
		<project.build.sourceEncoding>UTF-8</project.build.sourceEncoding>
	</properties>

	<build>
		<pluginManagement>
			<plugins>
				<plugin>
					<groupId>org.apache.maven.plugins</groupId>
					<artifactId>maven-compiler-plugin</artifactId>
					<version>3.1</version>
					<configuration>
						<source>1.8</source>
						<target>1.8</target>
						<fork>true</fork>
						<!--<executable>C:\Program Files\Java\jdk1.8.0_121\bin\javac.exe</executable>-->
						<executable>${env.JAVA_HOME}\bin\javac.exe</executable>
					</configuration>
				</plugin>
				<plugin>
					<groupId>org.apache.maven.plugins</groupId>
					<artifactId>maven-surefire-plugin</artifactId>
					<version>2.19.1</version>
					<configuration>
						<suiteXmlFiles>
							<suiteXmlFile>testng.xml</suiteXmlFile>
						</suiteXmlFiles>
						<testErrorIgnore>false</testErrorIgnore>
						<testFailureIgnore>false</testFailureIgnore>
					</configuration>
				</plugin>
			</plugins>
		</pluginManagement>
	</build>

	<reporting>
		<plugins>
			<plugin>
				<groupId>org.apache.maven.plugins</groupId>
				<artifactId>maven-surefire-report-plugin</artifactId>
				<version>2.19.1</version>
			</plugin>
		</plugins>
	</reporting>

	<dependencies>
		<dependency>
			<groupId>org.seleniumhq.selenium</groupId>
			<artifactId>selenium-java</artifactId>
			<version>3.4.0</version>
		</dependency>
		<dependency>
			<groupId>junit</groupId>
			<artifactId>junit</artifactId>
			<version>4.12</version>
		</dependency>
		<dependency>
			<groupId>info.cukes</groupId>
			<artifactId>cucumber-jvm</artifactId>
			<version>1.2.5</version>
			<type>pom</type>
		</dependency>
		<dependency>
			<groupId>info.cukes</groupId>
			<artifactId>cucumber-junit</artifactId>
			<version>1.2.5</version>
			<scope>test</scope>
		</dependency>


		<!-- https://mvnrepository.com/artifact/info.cukes/cucumber-core -->
		<dependency>
			<groupId>info.cukes</groupId>
			<artifactId>cucumber-core</artifactId>
			<version>1.2.5</version>
		</dependency>

		<!-- https://mvnrepository.com/artifact/info.cukes/cucumber-html -->
		<dependency>
			<groupId>info.cukes</groupId>
			<artifactId>cucumber-html</artifactId>
			<version>0.2.3</version>
		</dependency>

		<!-- https://mvnrepository.com/artifact/info.cukes/cucumber-java -->
		<dependency>
			<groupId>info.cukes</groupId>
			<artifactId>cucumber-java</artifactId>
			<version>1.2.5</version>
		</dependency>

		<!-- https://mvnrepository.com/artifact/info.cukes/cucumber-jvm-deps -->
		<dependency>
			<groupId>info.cukes</groupId>
			<artifactId>cucumber-jvm-deps</artifactId>
			<version>1.0.5</version>
		</dependency>

		<!-- https://mvnrepository.com/artifact/info.cukes/gherkin -->
		<dependency>
			<groupId>info.cukes</groupId>
			<artifactId>gherkin</artifactId>
			<version>2.12.2</version>
		</dependency>

		<!-- https://mvnrepository.com/artifact/org.hamcrest/hamcrest-all -->
		<dependency>
			<groupId>org.hamcrest</groupId>
			<artifactId>hamcrest-all</artifactId>
			<version>1.3</version>
		</dependency>

		<!-- https://mvnrepository.com/artifact/info.cukes/cucumber-picocontainer -->
		<dependency>
			<groupId>info.cukes</groupId>
			<artifactId>cucumber-picocontainer</artifactId>
			<version>1.2.5</version>
		</dependency>

		<!-- https://mvnrepository.com/artifact/info.cukes/cucumber-testng -->
		<dependency>
			<groupId>info.cukes</groupId>
			<artifactId>cucumber-testng</artifactId>
			<version>1.2.5</version>
		</dependency>

		<!-- Extent Reports -->
		<dependency>
			<groupId>com.aventstack</groupId>
			<artifactId>extentreports</artifactId>
			<version>3.0.5</version>
		</dependency>

		<!-- https://mvnrepository.com/artifact/org.freemarker/freemarker -->
		<dependency>
			<groupId>org.freemarker</groupId>
			<artifactId>freemarker</artifactId>
			<version>2.3.26-incubating</version>
		</dependency>
		<!-- https://mvnrepository.com/artifact/net.masterthought/cucumber-reporting -->
		<dependency>
			<groupId>net.masterthought</groupId>
			<artifactId>cucumber-reporting</artifactId>
			<version>3.6.0</version>
		</dependency>
		<dependency>
			<groupId>com.vimalselvam</groupId>
			<artifactId>cucumber-extentsreport</artifactId>
			<version>2.0.4</version>
		</dependency>
	</dependencies>
</project>
